n,prr,prr_ci_lo,prr_ci_hi,chi2,ror,ror_ci_lo,ror_ci_hi,ic,ic025,ebgm,eb05,product,reaction_pt,period,signal
32,4.997856529370028,3.6471267444151283,6.848835162204466,105.85709787184065,5.84508440314381,3.9903185964174663,8.561975906021289,2.31920876399392,1.819340435161493,4.701916768024647,3.432368938925923,JEV vaccines,Urticaria,pre_2022,True
18,2.5793577443363005,1.6630481147848395,4.000537515493594,18.08043745380395,2.7516513164457153,1.6912430324555612,4.476934906454011,1.366181623062,0.6996905179520976,2.4724361472414587,1.6087502221593815,JEV vaccines,Pruritus,pre_2022,False
6,2.4902304211487323,1.1332288772743413,5.472193371324886,5.417308185962884,2.5407467066114005,1.1257846887919551,5.734128285297399,1.3154958233789291,0.1610993665358491,2.233121139401354,1.0120959079249865,JEV vaccines,Rash erythematous,pre_2022,False
2,2.7688781125611337,0.6972624566980954,10.995409158447877,2.266743756718085,2.788423727064572,0.6915725484376739,11.242937417371198,1.4683716906200401,-0.5311016247096676,2.044521652446712,0.46839018930924636,JEV vaccines,Swelling,pre_2022,False
17,3.6390691615954305,2.313250402265918,5.724769073811901,33.34460801138623,3.9093352805539987,2.372493106978653,6.441705685394737,1.862182395507008,1.1763687062885155,3.3809775029783617,2.1701060304534523,JEV vaccines,Malaise,pre_2022,True
19,1.4519463244822723,0.9484897172123213,2.2226367781546195,2.8772263887410534,1.504305959635706,0.9354028543258354,2.4192105141975953,0.5377504865790874,-0.11096431887255742,1.4350856856899996,0.9455150500165641,JEV vaccines,Pyrexia,pre_2022,False
5,2.411265843583439,1.015401929880645,5.726011343227979,4.173617218594618,2.4509081425605017,1.007336788754218,5.963199984682596,1.2690488012097678,0.0044708417757799435,2.1361991779823666,0.8884283581337377,JEV vaccines,Rash maculo-papular,pre_2022,False
1,3.078085039833674,0.4354259868390961,21.759398379566726,1.4038837087479035,3.0895030895030895,0.4323734935360175,22.075889208629338,1.6209407529285833,-1.206741527213785,1.8179099289598886,0.21320830483479214,JEV vaccines,Dermatitis bullous,pre_2022,False
5,4.55577038287675,1.9178026206225436,10.822304421901148,13.937042131634199,4.655651573406995,1.9128523479779018,11.33129360239436,2.185826460948803,0.9212485015148153,3.4397968564317583,1.43058433172868,JEV vaccines,Face oedema,pre_2022,False
12,1.1340759905548463,0.6562367747849776,1.959854128526047,0.2018039213802504,1.1434848319972917,0.6367622256909816,2.053447123985692,0.18144681209070984,-0.6348347507207557,1.127973704742345,0.6592513442643437,JEV vaccines,Rash,pre_2022,False
14,1.5943210059745565,0.963580749334375,2.6379309381674494,3.256137749489607,1.6435546987771825,0.9527622843635073,2.8352004400312087,0.6726296486747484,-0.08310022924985694,1.5619832955285673,0.953799040299137,JEV vaccines,Myalgia,pre_2022,False
1,1.2768034313276553,0.18073320932909517,9.020074441779052,0.06023926107285877,1.278324329301983,0.17901529510708977,9.128343418409097,0.35239088542110464,-2.4752913947212636,1.1688752514341059,0.1370881510417813,JEV vaccines,Lip swelling,pre_2022,False
1,4.744937319189971,0.6708184740872607,33.56262689943899,2.9539900334126123,4.765513897866839,0.6665341229623625,34.07195810145248,2.244421114859651,-0.5832611652827171,2.1095900771441536,0.24741716686785734,JEV vaccines,Rash vesicular,pre_2022,False
1,1.4487975544066578,0.2050665693577201,10.235770560891238,0.13947787052921898,1.4512634750352658,0.20322107222056368,10.363913795738329,0.5346200373805029,-2.293062242761865,1.2601436653230462,0.14779230282632802,JEV vaccines,Swollen tongue,pre_2022,False
48,3.0282375088242217,2.374605289697697,3.861788083112271,71.31598796694247,3.7493886230728335,2.696806562553073,5.212800666548119,1.5974122174323424,1.1892714360266097,2.964090696790351,2.3004356038761458,JEV vaccines,Headache,pre_2022,True
5,2.7316471817647443,1.1502572025587205,6.487154619892362,5.538605063625584,2.780288956533417,1.1426564584585288,6.764943762930849,1.4488608667825968,0.18428290734860897,2.358943014423225,0.9810657596144694,JEV vaccines,Erythema,pre_2022,False
14,1.3299169681301393,0.8038005188174203,2.200395621444242,1.2151653021653062,1.3572473678568961,0.7868100635192244,2.3412517238468995,0.41116270067900407,-0.34456717724560126,1.3148064869878808,0.8028646459011922,JEV vaccines,Injection site reaction,pre_2022,False
4,4.6484301194776325,1.7620249432495476,12.263108225821863,11.488940274935697,4.7299592841586975,1.7545325223757704,12.751268240673573,2.2148263326713558,0.8009851926001716,3.3048143126077854,1.2209867238670193,JEV vaccines,Peripheral swelling,pre_2022,False
1,1.9205698672911786,0.2717965137467963,13.571140278065226,0.4421984612708286,1.9256279434850863,0.269601226631989,13.753806030683066,0.9410504517530714,-1.8866318283892967,1.4693587282262597,0.17232948599305398,JEV vaccines,Musculoskeletal stiffness,pre_2022,False
3,3.9728253556134288,1.292220535367006,12.214123575835542,6.691595002154616,4.022372444873652,1.2841003231754566,12.599856719347711,1.9886029747568186,0.35603984913388764,2.7867388542910567,0.8628340290121561,JEV vaccines,Throat tightness,pre_2022,False
2,1.4306592438663555,0.3603929176209461,5.6793176890701815,0.26113538934907027,1.4354179095444366,0.35612570251534476,5.7856665792105835,0.5164536478307571,-1.4830196674989506,1.3170535925080664,0.30173071573344706,JEV vaccines,Hypoaesthesia,pre_2022,False
1,5.631568317231629,0.7959138323337718,39.84672765223079,3.805031503595481,5.657016494798835,0.790975452403834,40.45869631626381,2.4911033152860016,-0.3365789648563666,2.212813031635918,0.2595233723495666,JEV vaccines,Hypoaesthesia oral,pre_2022,False
2,2.4630208985108246,0.6202892742152668,9.780069072088686,1.7442369680569243,2.4791868752899497,0.6149242254233936,9.995325128682298,1.2996597515891355,-0.6998135637405722,1.9048432036713288,0.4363905208361688,JEV vaccines,Swelling face,pre_2022,False
3,1.44548863518542,0.47041379811441303,4.441700908488274,0.4163948283675602,1.4529134457718436,0.46406720010066177,4.548818534140572,0.5313230269745701,-1.1012400986483608,1.3588223831639117,0.4207205098432105,JEV vaccines,Insomnia,pre_2022,False
1,1.078903922302047,0.15273110019438724,7.621458053253249,0.005797608512817538,1.0793374603366737,0.15116002477903073,7.706861354309779,0.10952490615878163,-2.7181573739835865,1.05123491428045,0.12329104455968244,JEV vaccines,Irritability,pre_2022,False
12,2.8897080732199174,1.6718258958890224,4.994786101211748,15.157756634794453,3.0223191660774553,1.6827179109725505,5.428368642228191,1.5299304029842191,0.7136488401727537,2.6849795928844626,1.569253253413153,JEV vaccines,Paraesthesia,pre_2022,False
2,0.46421356981919487,0.11696730693562572,1.8423459003196523,1.2663883171881598,0.4582932777729981,0.11372969579837676,1.8467712146550574,-1.1068576307253,-3.1063309460550075,0.5200185936212445,0.11913378722064238,JEV vaccines,Abdominal pain,pre_2022,False
3,3.3886825829799876,1.1023532595076353,10.416959853070022,5.069660749012763,3.4284939593629873,1.0946415628457213,10.738282948831518,1.7594689755413153,0.12690584991838438,2.5251239384403155,0.7818324484207101,JEV vaccines,Bronchospasm,pre_2022,False
1,5.335746635198061,0.7541849849422498,37.74961411782479,3.519931292652973,5.35956941890794,0.7494647255931582,38.327333328942224,2.413412030778307,-0.4142702493640611,2.181147583714181,0.25580958193251846,JEV vaccines,Coma,pre_2022,False
1,7.99584189647756,1.1291026938692335,56.623270833211144,6.107298030507164,8.034280588216449,1.1224244262880425,57.509140979462735,2.9955758981467904,0.16789361800442215,2.3985266999799357,0.2813042624704173,JEV vaccines,Extrasystoles,pre_2022,False
10,1.2756750409283237,0.6981646380923745,2.330892630847003,0.6221118466030002,1.2916100143923888,0.6826826597479181,2.443677754895245,0.3511159158840966,-0.5430757345707231,1.259026830442608,0.6949411551311647,JEV vaccines,Fatigue,pre_2022,False
26,2.077586330423253,1.4550271884914647,2.966518422818377,15.587116034884817,2.2560401176271037,1.489542813666616,3.416965907689631,1.0543418945539167,0.4997877743736676,2.0354182165645436,1.4315477593038322,JEV vaccines,Nausea,pre_2022,False
3,101.57680631451124,32.38163683688797,318.63267545827154,288.1381621622149,103.25308641975309,32.31672593374014,329.89727601316906,6.614485730791284,4.981922605168353,6.596094726529509,2.0422921867521606,JEV vaccines,Oedema mouth,pre_2022,True
1,0.37875621744121024,0.053630693834567936,2.674891223538634,1.0337471420249362,0.3753427900645136,0.05257945925112557,2.6794153469807247,-1.4003318086272896,-4.228014088769658,0.4777643921962694,0.05603321404865872,JEV vaccines,Tachycardia,pre_2022,False
2,2.1984559282499423,0.5536982075991707,8.728958125788512,1.312120351601401,2.211698535191931,0.5486143062636202,8.916301224233143,1.1358605469206757,-0.863612768409032,1.7728902184782795,0.406160719336865,JEV vaccines,Vertigo,pre_2022,False
2,5.194268504719324,1.3072222253018746,20.639509317467873,6.7750490797612795,5.240614013058765,1.2989626263426268,21.14305267673168,2.374716740734862,0.37524342540515443,2.8228543284508527,0.6467025045752026,JEV vaccines,Flatulence,pre_2022,False
2,1.3097295943131821,0.3299400402041451,5.199101052295448,0.14765425754375147,1.3131520207696814,0.32580155878253936,5.292694841900527,0.38910612426217395,-1.610367191067534,1.2332249630823917,0.2825259753193566,JEV vaccines,Hepatic function abnormal,pre_2022,False
5,5.578872600674946,2.3481000501566847,13.254894948997086,18.844902189558383,5.707492617547837,2.344641100773138,13.893585661627018,2.477567835237289,1.2129898758033013,3.9349398517454537,1.6365103909192142,JEV vaccines,Dysphagia,pre_2022,False
3,1.219644428027781,0.39693464310149057,3.7475502747661955,0.12022998477256393,1.2233051684949106,0.39074731457379513,3.8297781698093862,0.28634511517674704,-1.3462180104461838,1.1824603123334572,0.3661150358120672,JEV vaccines,Hypotension,pre_2022,False
2,1.8102797164962396,0.455977962648767,7.186997882356031,0.7292867292340824,1.8192330835293473,0.4513068123662917,7.333390326759652,0.8557866146777962,-1.1436867006519116,1.5575082548179473,0.3568177355577829,JEV vaccines,Pallor,pre_2022,False
6,1.0865264194751285,0.49454838166852266,2.387106507627225,0.04261317044254207,1.089459518440387,0.48282801420060445,2.458270869567274,0.11967775606961019,-1.0347187007734697,1.0793112343608926,0.4891657977708107,JEV vaccines,Chest pain,pre_2022,False
6,1.121019321680688,0.5102457202141817,2.462900265099572,0.08071646048742807,1.125121671568169,0.4986303465206316,2.538751972609778,0.16474750835783059,-0.9896489484852494,1.110635000367548,0.5033623654521477,JEV vaccines,Chills,pre_2022,False
6,14.959493293591656,6.79505590627261,32.93371573211536,77.90565446287167,15.432696456086287,6.825902432981122,34.891814268385524,3.895667483335337,2.741271026492257,7.197241059909358,3.26193599467546,JEV vaccines,Photophobia,pre_2022,True
1,0.34081940729362536,0.04825961631545884,2.4069372543015777,1.2955329643687803,0.3371975359051288,0.047236563964188766,2.407079784776283,-1.5525739369566391,-4.380256217099007,0.43688468814337456,0.05123875626809504,JEV vaccines,Cough,pre_2022,False
4,1.91487084691346,0.726205550837577,5.04916322400732,1.7673580504446396,1.9353148881852693,0.718232903661692,5.214803857267685,0.9367660891502754,-0.47707505092090874,1.737713201904973,0.6420102761356649,JEV vaccines,Influenza like illness,pre_2022,False
2,5.218979582286972,1.313432932186397,20.737829251004978,6.822529032365993,5.265598141207269,1.305147210224039,21.243981956584012,2.381550931823171,0.38207761649346317,2.828675158202174,0.6480360289944209,JEV vaccines,Rhinitis,pre_2022,False
2,3.177953384115647,0.8001931957997458,12.621186689194912,2.9920854094742912,3.2020191673655436,0.7940690793968834,12.911882623566834,1.6669531506854194,-0.33252016464428835,2.2127116089419157,0.5069217086347703,JEV vaccines,Oedema,pre_2022,False
6,0.7587698908540056,0.3453819948129645,1.666941982827961,0.4808016630970894,0.7505925990185481,0.3326641722348095,1.6935675576862337,-0.3981388080737757,-1.5525352649168558,0.7731798952629513,0.35042085011800145,JEV vaccines,Vomiting,pre_2022,False
2,2.0444083268667934,0.5149202667396463,8.116995342650924,1.0720329857948185,2.055948750368084,0.5100001306977677,8.288086629226793,1.031134279976113,-0.9683390353535948,1.6907307729609156,0.38733838101955353,JEV vaccines,Oedema peripheral,pre_2022,False
1,3.215209578536698,0.4548012940999878,22.72986635706762,1.5270415512256117,3.227381059737449,0.4516473481421224,23.062215570618974,1.6837483932283976,-1.1439338869139706,1.8489464031876734,0.21684832789244757,JEV vaccines,Electrocardiogram abnormal,pre_2022,False
4,0.6743895667281744,0.2558163032474169,1.7778432489970988,0.6497503677786783,0.667113355928804,0.24763294962626475,1.7971769521392837,-0.5681746470844906,-1.9820157871556747,0.6997807119428364,0.25853887029017386,JEV vaccines,Arthralgia,pre_2022,False
2,2.7140759727776382,0.683471622396564,10.777636034367585,2.171660800967202,2.733016038775181,0.6778399077419787,11.019381690116747,1.4395600482906052,-0.5599132670391025,2.020431519881013,0.4628712544819095,JEV vaccines,Dry mouth,pre_2022,False
2,2.982679467636545,0.7510614133542561,11.845072384865595,2.6427237246812783,3.0045875280524186,0.7451445278949353,12.115161389202358,1.5755667414989816,-0.42390657383072616,2.1348862128788655,0.4890922804399571,JEV vaccines,Hot flush,pre_2022,False
1,2.1227351164797237,0.30038492117276644,15.000767539008912,0.5948982429748932,2.128903990746096,0.29803981473350616,15.206801164693957,1.0853340930386335,-1.7423481871037347,1.5443488852797873,0.18112448953529506,JEV vaccines,Leukopenia,pre_2022,False
1,0.6973236131430978,0.09872757021391668,4.925272853300721,0.13238190202285147,0.6956605560724554,0.0974397420578309,4.96659370247322,-0.5199405894296423,-3.3476228695720103,0.7756362524061263,0.09096825310731335,JEV vaccines,Thrombocytopenia,pre_2022,False
1,1.1655647133411828,0.16499379681359053,8.233891983957367,0.0236186810449671,1.1664744095683321,0.16335841502342294,8.329307969734476,0.22094204781044371,-2.6067402323319246,1.1045614745262307,0.12954529584658664,JEV vaccines,Weight decreased,pre_2022,False
1,54.85147540983606,7.617419059989057,394.97424664991075,51.83831121478618,55.14736263736264,7.577471915490935,401.3517489440599,5.749415310877392,2.921733030735024,2.892464569650881,0.3392343360172979,JEV vaccines,Dysaesthesia,pre_2022,False
15,1.707137793898956,1.05103544502739,2.772807959185665,4.612493904038817,1.7702750969256489,1.0437262013555202,3.002582396345952,0.7712077150279145,0.041103289737434046,1.6686579971850772,1.0378282231118148,JEV vaccines,Dizziness,pre_2022,False
5,0.6783176124089343,0.2857247723366914,1.6103426368714318,0.7945792915586681,0.6692815902855898,0.2751535141035424,1.627956119530589,-0.5597979771929553,-1.8243759366269432,0.6988285401925355,0.2906372678069516,JEV vaccines,Dyspnoea,pre_2022,False
2,0.861631721800755,0.21708233980223385,3.41994297965317,0.04499751449647245,0.8601027905499347,0.21342112012286843,3.4662774231804643,-0.2147839676947608,-2.2142572830244687,0.886191639114052,0.2030222908679715,JEV vaccines,Flushing,pre_2022,False
6,3.1475597978100267,1.4322201046466796,6.917325520461066,8.874028740922784,3.220358435023926,1.426780775759606,7.268606800865024,1.6531049445220094,0.4987084876789294,2.699637426697407,1.2235305753157875,JEV vaccines,Lymphadenopathy,pre_2022,False
5,1.9520098010617817,0.8220669504260799,4.635075356655981,2.3528041837933764,1.9787516494062138,0.8133366962645274,4.814067910633604,0.9644597737763526,-0.30011818565763526,1.7960055335613618,0.746944509588328,JEV vaccines,Pain,pre_2022,False
2,0.7171064898658134,0.1806768089373852,2.8461965917600525,0.2265937031553207,0.7139805947262091,0.17716960354334826,2.8772897802464503,-0.47959195488062084,-2.4790652702103286,0.7601791456966878,0.17415342778870035,JEV vaccines,Palpitations,pre_2022,False
1,1.1533110893573606,0.16325992771376563,8.147293015875254,0.020468254462775608,1.154153457980203,0.16163363819412516,8.241293207592209,0.20570109642375334,-2.621981183718615,1.0971992762174496,0.12868184172475847,JEV vaccines,Tinnitus,pre_2022,False
6,32.45649432534679,14.7046811603224,71.63868515107417,180.96927629606037,33.52281616688396,14.790167987797245,75.9815037047504,5.00398813796299,3.84959168111991,9.461668928086839,4.288220748662478,JEV vaccines,Injection site inflammation,pre_2022,True
3,1.842302129752667,0.5995016561903207,5.661497515886281,1.164897085315337,1.8563404985818779,0.5928755275884199,5.812349955971641,0.8810668241750341,-0.7514963014478968,1.6440435827195976,0.5090311014127675,JEV vaccines,Angioedema,pre_2022,False
6,3.6078585009758433,1.6415557589928116,7.929455269341636,11.399016907013124,3.6962604840597697,1.637521255549339,8.343306396617402,1.84977207919169,0.6953756223486101,3.002840454251848,1.3609483526337618,JEV vaccines,Asthenia,pre_2022,False
12,4.94603024434951,2.860873261824624,8.55096082180788,38.2179599721237,5.222944647461756,2.9073509244640876,9.382820133925792,2.304197551459796,1.4879159886483304,4.266680943494356,2.493688581320452,JEV vaccines,Injection site pain,pre_2022,True
1,1.426937445625288,0.2019740143500535,10.081249710661517,0.12816346767319176,1.4292832557660862,0.200144730969703,10.206866877362563,0.5126976055089907,-2.3149846746333775,1.249052153924232,0.1464914670116791,JEV vaccines,Epistaxis,pre_2022,False
2,10.388537009438648,2.611001468103105,41.333450982270676,16.923422430122336,10.492277749874434,2.597276573977695,42.38589508852803,3.3719921033983264,1.3725187880686187,3.6065736279081797,0.826248869662033,JEV vaccines,Depersonalisation/derealisation disorder,pre_2022,False
2,17.808920587609112,4.467593935673035,70.99070709253901,31.544910888868344,17.994654516753965,4.4461507808786624,72.82874718732371,4.145716247574651,2.146242932244943,4.078361227811949,0.9343331655501349,JEV vaccines,Visual field defect,pre_2022,False
7,1.2260052617308017,0.5927952943860142,2.5355951979147053,0.30089552657008417,1.2349941073678221,0.5801316917196079,2.629076237349253,0.29384633187249404,-0.7749171109790463,1.2077157331101072,0.584610414578493,JEV vaccines,Diarrhoea,pre_2022,False
2,4.995580638418585,1.2572825946838555,19.849018844659813,6.393902680644382,5.039730700721553,1.2492330787721522,20.331582606473606,2.318552844436866,0.3190795291071584,2.7748890760649694,0.6357138933181861,JEV vaccines,Tongue oedema,pre_2022,False
1,16.723010795681727,2.35412072982505,118.7955598578288,14.69804617967162,16.80940096488877,2.3410718420425884,120.69512593508155,4.055518438603072,1.227836158460704,2.677899385560676,0.31406967937085345,JEV vaccines,Prostate cancer,pre_2022,False
2,4.356749436841626,1.0966800418215914,17.30793388369851,5.177356174820907,4.393840590839876,1.0893065101586485,17.72305127865285,2.1214880925206683,0.12201477719096054,2.6051992528019925,0.5968387616477134,JEV vaccines,Ataxia,pre_2022,False
5,1.8766756332912298,0.7903504577664981,4.456138916578644,2.0765049981787995,1.9013013533275003,0.7815111674345435,4.625585643301455,0.9077183926781804,-0.35685956675580743,1.7376814904731068,0.7226880009375005,JEV vaccines,Hyperhidrosis,pre_2022,False
1,2.1409631307508223,0.30296236095743595,15.129678527552612,0.6091236854064584,2.147232158941761,0.30060374839079135,15.33781920243991,1.0976601062301472,-1.730022173912221,1.5507502424620554,0.1818752541863547,JEV vaccines,Muscle twitching,pre_2022,False
1,7.179512488198438,1.014123986163245,50.82751248514499,5.308960376001682,7.213465853518209,1.0080457830698715,51.618776144680815,2.840640070923931,0.012957790781562561,2.3452196334149216,0.27505229744344545,JEV vaccines,Bronchitis,pre_2022,False
2,0.9612946969827562,0.24218562737736637,3.815616576648802,0.0031515768521634285,0.9608670140764882,0.23841822471338775,3.872461594956347,-0.056928966626875445,-2.0564022819565833,0.9688052108635298,0.22194866734578653,JEV vaccines,Confusional state,pre_2022,False
2,6.0810948347933556,1.5300620898887969,24.168767159271344,8.4875743883961,6.137239529100464,1.5208657285356328,24.765966075006336,2.6016616904337,0.6021883751039923,3.013873781722049,0.690464153062697,JEV vaccines,Pharyngitis,pre_2022,False
1,1.3153831033533827,0.18619163955837983,9.29275188022106,0.07589697937215449,1.3171159775476322,0.1844451046712783,9.405478672925689,0.3953172103291223,-2.4323650698132457,1.190171862036269,0.13958586238208504,JEV vaccines,Muscular weakness,pre_2022,False
3,5.168166652936815,1.6806054887930422,15.893049695863104,10.09808782115227,5.2376360971524285,1.6716519799692047,16.410611906611983,2.3674624449178125,0.7348993192948816,3.2366693558190676,1.0021421478231796,JEV vaccines,Periorbital oedema,pre_2022,False
1,0.750978578995565,0.10632203442069647,5.304345700146016,0.08315691344411183,0.7496103294296066,0.10499436862576883,5.351864612762212,-0.41302538551313034,-3.2407076656554987,0.8190119799551078,0.09605544977991494,JEV vaccines,Hypersensitivity,pre_2022,False
1,14.434598792062122,2.033639973713362,102.45552063345163,12.443145105497473,14.508415268941585,2.022253721332131,104.08887440562965,3.844411824813139,1.016729544670771,2.633347319836358,0.3088445192797785,JEV vaccines,Optic neuritis,pre_2022,False
1,0.9427891957689252,0.13346902326784887,6.659608693433291,0.0034907336834092257,0.9424748506907324,0.13199896778822695,6.729286289644325,-0.08496278494675823,-2.9126450650891265,0.9611315943627029,0.11272353744966782,JEV vaccines,Myocarditis,pre_2022,False
1,2.5370710180312703,0.35896367246988103,17.931422715412243,0.9323749946847248,2.5455164631852885,0.35631165074470494,18.185355575111323,1.3423558690220725,-1.4853264111202957,1.67714673205016,0.19669930066569094,JEV vaccines,Gravitational oedema,pre_2022,False
4,12.726560419915561,4.81708200496877,33.623122868719236,43.09524461423961,12.988606462818701,4.8111359255322075,35.06529444547208,3.663617438122163,2.249776298050979,5.517094611918978,2.038329127834057,JEV vaccines,Erythema multiforme,pre_2022,True
1,2.9176316707359606,0.41275196542285886,20.62394677481546,1.2614001625019104,2.9281681084872573,0.40981821057472767,20.921882557481897,1.5437897401203513,-1.283892540022017,1.7793946696909555,0.20869115411781464,JEV vaccines,Haematuria,pre_2022,False
1,0.869003095846579,0.12302650572458311,6.1382413175378145,0.01986564100002892,0.8682833326369448,0.12161122028288357,6.199394628073071,-0.20249789246409702,-3.030180172606465,0.9087114849994209,0.10657559663117284,JEV vaccines,Muscle spasms,pre_2022,False
1,0.7622495193140086,0.10791731568384143,5.383976853136598,0.07467054315874447,0.7609431979915582,0.1065812818586157,5.432797771542398,-0.39153973407583975,-3.219222014218208,0.8279092929839257,0.09709894538893232,JEV vaccines,Visual impairment,pre_2022,False
1,1.4472684804706084,0.20485025246459806,10.224962036235162,0.13867606560362736,1.4497259995940734,0.20300588943273798,10.35292857646573,0.5330974039506288,-2.2945848761917396,1.2593724132741364,0.14770184876183953,JEV vaccines,Amnesia,pre_2022,False
1,2.001878664592557,0.283294976883306,14.146096876972319,0.502415646790116,2.0073834924199887,0.28103942865311,14.338160680699483,1.000827797069662,-1.8268544830727063,1.5004303388918774,0.17597362992613283,JEV vaccines,Disturbance in attention,pre_2022,False
1,2.4465421681461224,0.3461662010433652,17.291025416335486,0.8564339280993314,2.4544902020370354,0.34358122183775763,17.534491901715878,1.2899836922400953,-1.5376985879022729,1.6502455282308162,0.19354427083007134,JEV vaccines,Dysarthria,pre_2022,False
1,1.468973631757795,0.20792084103625802,10.378389775863722,0.15019972273336804,1.4715504099542664,0.20606037965620377,10.508864501994404,0.5545619131392261,-2.273120367003142,1.2702565944936675,0.14897836845644213,JEV vaccines,Herpes zoster,pre_2022,False
1,1.3041244747940102,0.18459873236874141,9.21317618996144,0.07118705418702304,1.3057954883917795,0.1828605496266116,9.324602058705524,0.38292166355658547,-2.444760616585783,1.1840083387179692,0.13886299138744987,JEV vaccines,Bradycardia,pre_2022,False
2,3.2514211861195057,0.8186767587823176,12.91320367426938,3.124777825274471,3.2762987682865723,0.8124746950275433,13.211652848723151,1.6998870400475021,-0.2995862752822056,2.2409055851918507,0.5133808145372603,JEV vaccines,Cold sweat,pre_2022,False
1,5.540553071700613,0.7830760893212715,39.2014629982359,3.7172106111206933,5.565501165501166,0.7782048083618757,39.80289364749228,2.467644342462013,-0.3600379376803553,2.203335235002414,0.25841179640094164,JEV vaccines,Heart rate irregular,pre_2022,False
1,0.9256070774525155,0.13103738731700545,6.538198596386406,0.006012588570251277,0.925198325130826,0.129580085274773,6.605891167688036,-0.11148907945694572,-2.939171359599314,0.9491611937251166,0.11131962365422839,JEV vaccines,Abdominal pain upper,pre_2022,False
1,7.835925058548009,1.1065839532841186,55.48763050553252,5.950712404241562,7.873485086342229,1.1000231804660183,56.35496460955583,2.9665134325443274,0.1388311524019592,2.3887810448187268,0.2801612715095755,JEV vaccines,Chromaturia,pre_2022,False
1,1.0597271137912687,0.15001743581262067,7.485940215023293,0.0033824120613840524,1.0600552847461657,0.14846059158829042,7.569127905906214,0.08366140294877675,-2.7440208771935914,1.0390260256282904,0.12185916038765804,JEV vaccines,Migraine,pre_2022,False
1,3.7776498216140544,0.5342525896531032,26.71140664756871,2.0425129110189153,3.792911633820725,0.5306827303032319,27.108812555012577,1.9160290989292936,-0.9116531812130746,1.9608282692578072,0.22997006875901213,JEV vaccines,Ocular hyperaemia,pre_2022,False
2,1.1240056436441817,0.28316681876621425,4.461640994692388,0.027619133696763058,1.1253758717507472,0.2792261017892962,4.535646361866386,0.16858407306773407,-1.8308892422619736,1.096764976499485,0.251263641231471,JEV vaccines,Somnolence,pre_2022,False
2,1.5908200524894451,0.4007222269706031,6.315368275262089,0.441633600834578,1.5973484508594942,0.39628455879400537,6.438610884128708,0.6694600062959942,-1.3300133090337134,1.4224880919596503,0.3258852582391495,JEV vaccines,Vision blurred,pre_2022,False
2,0.3747965521683366,0.09443915915126065,1.4874386512938103,2.1481620057777007,0.3678882267779315,0.09129689984665619,1.4824353031607098,-1.4154916157982953,-3.414964931128003,0.42844810636781444,0.09815542398910311,JEV vaccines,Lethargy,pre_2022,False
1,21.426357581967213,3.011156028330653,152.4626405642742,19.327041135237362,21.538590315934066,2.9947073575376035,154.91025245922486,4.410613397425634,1.582931117283266,2.7421352732992528,0.3216033995602447,JEV vaccines,Encephalitis,pre_2022,False
1,0.46594865281885883,0.06597480848221314,3.2907734339576296,0.6192650095790063,0.463014304757424,0.06485880690537742,3.3053683322106626,-1.10147625946386,-3.9291585396062283,0.5669488195200391,0.06649295150014067,JEV vaccines,Decreased appetite,pre_2022,False
1,914.191256830601,95.53292329200377,8748.247465546432,684.1497136088755,919.2087912087912,95.16765524548437,8878.487125231748,9.421840652848887,6.594158372706519,2.991277718861337,0.3508233502489339,JEV vaccines,Visual acuity reduced transiently,pre_2022,False
1,88.47012162876784,12.14093339140469,644.675509590569,83.7842203919969,88.95072669266217,12.078486516275024,655.0681468652084,6.421840652848888,3.59415837270652,2.9316135511672172,0.34382581101401694,JEV vaccines,Haemorrhage urinary tract,pre_2022,False
1,0.9483311792848559,0.13425332566832385,6.698769070537796,0.0028304573117439763,0.9480472846655419,0.13277915671639354,6.769086927411837,-0.07650995508071166,-2.90419223522308,0.9649627909837326,0.11317286825756206,JEV vaccines,Oropharyngeal pain,pre_2022,False
1,12.40983606557377,1.7496440396153938,88.02020736073186,10.447782828556734,12.472527472527473,1.739733512531425,89.41825884965384,3.627424786498782,0.7997425063564139,2.5821273181719997,0.30283732961953985,JEV vaccines,Intussusception,pre_2022,False
2,2.6472719792391928,0.6666600296074928,10.512178053019165,2.0565571441168453,2.665473879562277,0.661099260991976,10.746874821744823,1.4036404740356623,-0.5958328412940455,1.9905277530650405,0.45602044369043115,JEV vaccines,Injection site swelling,pre_2022,False
1,12.523167901789057,1.7655509906042828,88.82764368234005,10.559451322446325,12.586482011139545,1.7555577475087871,90.23885978205132,3.6404809393242283,0.8127986591818601,2.5853716310157675,0.3032178294621086,JEV vaccines,Incorrect route of product administration,pre_2022,False
2,0.8894353074401827,0.2240856842787903,3.530324432224739,0.027821271762846787,0.8882135981301295,0.22039484015513633,3.5795910437283665,-0.16898027808163607,-2.1684535934113436,0.9095780759498074,0.20838001234950215,JEV vaccines,Chest discomfort,pre_2022,False
1,13.249148649718856,1.8674170901466445,94.00146376970456,11.274850846764922,13.316451664277752,1.8568943098098238,95.49702640060706,3.7214009347077956,0.8937186545654274,2.6050100138014054,0.30552106035200105,JEV vaccines,Nystagmus,pre_2022,False
1,2.523066946174612,0.35698406268977967,17.83235578337525,0.9205597943170465,2.531435445878868,0.3543424113143096,18.084669551361607,1.3343778115985487,-1.4933044685438195,1.6730557758568982,0.19621950470813337,JEV vaccines,Pancytopenia,pre_2022,False
1,65.29937548790008,9.034837787410588,471.9518534191459,61.847551846721274,65.65266875981162,8.98777875459053,479.5704292436059,5.99557589814679,3.167893618004422,2.9088201895668697,0.34115255756461355,JEV vaccines,Extravasation,pre_2022,False
2,37.06180770934869,9.252285638474014,148.45819123579108,69.26257120655856,37.46028072271166,9.21129986905465,152.34251970654606,5.193021962353007,3.193548647023299,4.507158323368775,1.0325685413030712,JEV vaccines,Lymphadenitis,pre_2022,False
1,4.305453328872533,0.6087819293958059,30.449209268574712,2.5369630879161633,4.3236151603498545,0.6048220802758412,30.907681224669386,2.1044280390840187,-0.7232542410583496,2.0476602200706377,0.24015390281117224,JEV vaccines,Nasal congestion,pre_2022,False
1,4.871356608333576,0.6886599123538139,34.45839489109588,3.074637064881196,4.892627798489255,0.6842822555077869,34.982357911336216,2.2822893004500946,-0.5453929796922736,2.125936841035543,0.24933434976195795,JEV vaccines,Night sweats,pre_2022,False
1,0.38720510666268576,0.0548268641131189,2.734568118219028,0.983556232219829,0.383838101754239,0.05376935329035966,2.7400680748881676,-1.368507843903026,-4.196190124045394,0.4866916245155612,0.05708021865507042,JEV vaccines,Pain in extremity,pre_2022,False
2,0.703765401717168,0.1773160886819072,2.7932363291784266,0.25325537145997584,0.7004920912389045,0.17382310234515766,2.822922633804455,-0.5066777224090021,-2.50615103773871,0.7481559630566756,0.17139897381355385,JEV vaccines,Syncope,pre_2022,False
1,304.7304189435337,38.80288533112433,2393.137196810898,272.46575728406714,306.3992673992674,38.61974983180588,2430.893816549042,8.099912557961526,5.272230277819157,2.9782889819549405,0.3493000038313574,JEV vaccines,White matter lesion,pre_2022,False
1,1.0835929555479271,0.15339462841897744,7.6545945931430515,0.0064788415039714,1.084052257501487,0.1518200733127333,7.740539649018256,0.11577896342054665,-2.7119033167218216,1.054197059601648,0.123638451200983,JEV vaccines,Feeling hot,pre_2022,False
1,76.18260473588343,10.500141063814842,552.7344089066224,72.19576147974965,76.59569597069597,10.445789031029827,561.6522240500284,6.212387287219938,3.38470500707757,2.9212088065537145,0.3426055206542228,JEV vaccines,Miliaria,pre_2022,False
1,4.009610775572812,0.5670104785003466,28.353935564137515,2.2587954814477826,4.026147098515519,0.5632691880567688,28.77817711777842,2.001880475000999,-0.8258018051413694,2.0008687751068037,0.2346661036069413,JEV vaccines,Abortion spontaneous,pre_2022,False
1,1371.2868852459017,124.88371750330157,15057.429096773112,912.8638642162855,1378.815934065934,124.47269199418447,15273.49774135952,9.836878152127731,7.009195871985363,2.993453530800601,0.35107853405524886,JEV vaccines,Contraindication to vaccination,pre_2022,False
1,3.027123366988745,0.4282247622798518,21.398752912333457,1.3584273447038224,3.0382614074667056,0.4252099785419602,21.709350311473553,1.5968819123203655,-1.2308003678220027,1.80594362833259,0.21180487189719355,JEV vaccines,Exposure during pregnancy,pre_2022,False
1,3.622950819672131,0.5124027287147164,25.616125571163426,1.8993311748839852,3.6373626373626373,0.5089472321647998,25.99563593146255,1.8557866146777962,-0.9718956654645721,1.9322875374277422,0.2266227516255862,JEV vaccines,Circulatory collapse,pre_2022,False
1,0.9306324297562957,0.13174858487285454,6.573707946464271,0.005199301211698019,0.9302512892604511,0.13028755272684356,6.6419810876717555,-0.10368015624618164,-2.9313624363885498,0.9526767789849986,0.11173193889703607,JEV vaccines,Fall,pre_2022,False
1,4.897453161592505,0.6923426937976369,34.64331708106818,3.099575509491308,4.918867739403454,0.6879457781290222,35.17030063553395,2.2899836922400953,-0.5376985879022729,2.129236641221374,0.24972135727685568,JEV vaccines,Unresponsive to stimuli,pre_2022,False
1,0.3748221635221817,0.05307371893202762,2.647104011071451,1.0580329558399877,0.37138712046461125,0.05202540677854139,2.65117375889286,-1.415393047490199,-4.2430753276325675,0.4735859129899996,0.0555431532078194,JEV vaccines,Anaphylactic reaction,pre_2022,False
1,0.34053325901151993,0.048357298133017756,2.398043417852349,1.3095680118306923,0.33484820089955025,0.04675611094384864,2.3980462742147033,-1.5532893233373297,-4.380971603479698,0.4366996319919058,0.051217052492937995,JEV vaccines,Anaphylactic reaction,post_2022,False
1,0.853782099807838,0.12118673209387132,6.01504687318114,0.02527518598808534,0.8525216006682503,0.11898796899896118,6.1081224069998274,-0.22787329676400686,-3.055555576906375,0.8976084164169063,0.10527340536568106,JEV vaccines,COVID-19,post_2022,False
1,2.9524768425291987,0.41831151891146046,20.838822531961515,1.2915496267121496,2.9693085394475536,0.4136805401805362,21.313047982842967,1.5594325828187277,-1.2682496973236406,1.7872366337839483,0.20961087618116178,JEV vaccines,SARS-CoV-2 test positive,post_2022,False
2,1.0818668142409151,0.2736229215880224,4.277550275989092,0.01257688082101027,1.0832905849233656,0.2675108683761411,4.386806780999827,0.11341827958384973,-1.886055035745858,1.0643776201459303,0.2438438518858735,JEV vaccines,Cough,post_2022,False
3,0.48191688670252975,0.15767489031017798,1.4729287918462401,1.7639891291117535,0.46828312056312266,0.14877299913617353,1.4739844076385018,-1.0524814640705173,-2.6850445896934483,0.5206564655674889,0.161206391917592,JEV vaccines,Dyspnoea,post_2022,False
1,0.5216679712516902,0.07406755885784651,3.674179039060158,0.4456924438485814,0.5175444192797218,0.07225535212829803,3.707022636219124,-0.9381847852182941,-3.7658670653606623,0.6208311593078844,0.07281238578216348,JEV vaccines,Tachycardia,post_2022,False
1,5.696192696192696,0.8051191639202948,40.30038370241944,3.8581056155940074,5.736677115987461,0.7973356598896812,41.27429135384155,2.504008544200036,-0.3236737359423323,2.2179958688095116,0.26013122640790765,JEV vaccines,Tachypnoea,post_2022,False
1,2.2467054857493105,0.3185126155753724,15.84767853096722,0.6930658025443714,2.2574529468333564,0.3146975466125611,16.19362420209982,1.1662185749381577,-1.6614637052042105,1.5863149929737326,0.18604636302275643,JEV vaccines,Wheezing,post_2022,False
12,225.56923076923076,124.70167009571938,408.02563294273824,2236.9561049774566,251.2342857142857,131.3300450485083,480.6110155147947,7.555670664022529,6.739389101211064,22.17169275397353,12.958385635427424,JEV vaccines,Contraindication to vaccination,post_2022,True
23,5.8293171996542785,4.036754154599778,8.417886676468713,94.75581301166515,7.010958642122878,4.439499513422091,11.071865405762495,2.5371680777960988,1.9475555640126396,5.266161727989738,3.6154577352000756,JEV vaccines,Vaccination error,post_2022,True
4,2.181520607052522,0.831911806974769,5.720596966042508,2.595441838244276,2.223344345355266,0.8194453382843473,6.032446396452532,1.1238248770571306,-0.2900162630140535,1.9267801654339356,0.7118623859834202,JEV vaccines,Wrong product administered,post_2022,False
4,0.8349777189310783,0.3186039870903494,2.1882582119527556,0.13592601371044244,0.8291362222560721,0.3057655131280974,2.2483466759348465,-0.25997947633831453,-1.6738206164094986,0.8506862814559085,0.31429198665442143,JEV vaccines,Dizziness,post_2022,False
7,0.8489164598842018,0.41380132243114637,1.7415583682244957,0.2023373527812307,0.8393020527859237,0.390825746053352,1.8024092397293174,-0.2361124051077099,-1.3048758479592502,0.8576621716921805,0.4151624625027087,JEV vaccines,Headache,post_2022,False
2,0.6792208093021102,0.17182960360795888,2.6848744226960726,0.3106251080551554,0.6736420407682338,0.16639186059544328,2.7272583975349693,-0.5576374129483467,-2.5571107282780545,0.7259604444312526,0.1663140860314472,JEV vaccines,Paraesthesia,post_2022,False
1,2.3447944986406526,0.33239014787429616,16.540987378888058,0.772490114877932,2.3563875546634168,0.3284615603508262,16.90475531396126,1.227743828513723,-1.5999384516286452,1.6181497408755101,0.18978000929799532,JEV vaccines,Paraesthesia oral,post_2022,False
1,1.6733622460625428,0.23734908368466695,11.797564848691978,0.2719499210755145,1.6791670930113578,0.23419833712367413,12.039377225651497,0.7418894728054914,-2.085792807336877,1.3661753297129555,0.1602279197198001,JEV vaccines,Acute kidney injury,post_2022,False
1,75.1897435897436,10.012848940832335,564.624271723152,68.6361678824333,75.82931034482759,9.934712055198577,578.7872135019059,6.140633164743685,3.3129508846013165,2.917301703001789,0.34214728732161936,JEV vaccines,Anuria,post_2022,False
1,13.114490161001791,1.8417352442909125,93.38467769249355,11.069404081333385,13.218925421010425,1.8255804875662809,95.71749395677715,3.6976896688949563,0.8700073887525881,2.5993387258664464,0.30485591975973064,JEV vaccines,Cerebral haemorrhage,post_2022,False
4,1.2242563406742513,0.46706140053281087,3.209007607931879,0.16885303842382146,1.2321946182202423,0.4543283708599709,3.3418638908616316,0.2916190910488661,-1.122222049022318,1.1942869543987196,0.44123765448648156,JEV vaccines,Diarrhoea,post_2022,False
2,1.503794871794872,0.38023647976662245,5.947348917769628,0.3409867035154116,1.5125565217391304,0.37341911024237023,6.1267009874525336,0.5879640672294131,-1.4115092481002947,1.3657006719154243,0.31287553031914056,JEV vaccines,Influenza like illness,post_2022,False
1,15.03794871794872,2.108336674515534,107.25986242003745,12.939465978108045,15.158965517241379,2.0900472080926735,109.94691156407796,3.892705651300099,1.0650233711577308,2.6439853462254517,0.3100921694174859,JEV vaccines,Lactic acidosis,post_2022,False
1,140.98076923076925,17.77243522157287,1118.3373040951458,123.5531858720759,142.1875,17.642235765597786,1145.9593571282799,6.9707081633013726,4.143025883159004,2.9529143470387016,0.34632401321152045,JEV vaccines,Oliguria,post_2022,False
1,1.115574830708362,0.15830971378813938,7.861218197737842,0.012054216364516828,1.1165711654558477,0.15580656422723105,8.001788459369243,0.15763959004937467,-2.6700426900929934,1.074121062776002,0.1259751802515568,JEV vaccines,Pneumonia,post_2022,False
11,2.50936644261887,1.4288494051274938,4.4069864331012685,10.3528403780496,2.6659988093057336,1.4319832324831243,4.963430779070489,1.3253954413071316,0.4728171549826896,2.3520086408139087,1.3386522818817177,JEV vaccines,Vomiting,post_2022,False
1,1.528246820929748,0.21679339768551964,10.77310642582304,0.18337031909488666,1.5328006728343146,0.2138110082662238,10.988573140798755,0.6112026105975338,-2.2164796695448343,1.2990941013308155,0.1523604919876821,JEV vaccines,Irritability,post_2022,False
4,0.9889050011803191,0.37731263795425907,2.5918376512954224,0.0005152987538276745,0.9885122578592683,0.36451565395252666,2.6806982727421915,-0.016081979481016816,-1.4299231195522009,0.990134266929553,0.3658120185920003,JEV vaccines,Arthralgia,post_2022,False
1,18.7974358974359,2.6268533660353826,134.51211281408553,16.582053297429837,18.950862068965517,2.6044335141362,137.89377659581706,4.209895827180798,1.3822135470384298,2.7073980689994466,0.31752934708631436,JEV vaccines,Flank pain,post_2022,False
5,15.24116424116424,6.42617825644965,36.147937102896584,65.83368303521651,15.876930501930502,6.44422467144516,39.116718459569356,3.911814474247804,2.647236514813816,6.6090071647901745,2.7486338562560344,JEV vaccines,Exposure during pregnancy,post_2022,True
6,1.1809907370116794,0.5414864817781461,2.5757598164358835,0.17379853838531048,1.1907740200933918,0.523440923973357,2.7088878648730765,0.23976635676293628,-0.9146301000801438,1.1646043306005092,0.5278223633082763,JEV vaccines,Rash,post_2022,False
7,3.2502771004211928,1.5830491630217043,6.673387963111259,11.078598698650394,3.393476552266178,1.5789864170805634,7.293085606190362,1.6976896688949563,0.6289262260434161,2.8217174501031903,1.3658888123284885,JEV vaccines,Inappropriate schedule of product administration,post_2022,False
4,0.8309789308131545,0.31707872245801444,2.177774585763346,0.14330939530233777,0.8249958841162749,0.3042391742180126,2.237115619834922,-0.26690016692763935,-1.6807413069988235,0.8469983903343102,0.3129294695286149,JEV vaccines,Myalgia,post_2022,False
1,1.4027937236892463,0.1990186972718221,9.887665119897031,0.11622160748009161,1.4062660833762224,0.19618192345432947,10.08035940535916,0.48778819174170557,-2.3398940884006625,1.2364836399382109,0.14501740522315848,JEV vaccines,Tinnitus,post_2022,False
1,1.7062725474223206,0.24201012347671366,12.029934798852286,0.29337426029787056,1.7123611038656164,0.238821207756611,12.277722642706566,0.769945757936467,-2.057736522205901,1.3806566939505127,0.1619263246141236,JEV vaccines,Visual impairment,post_2022,False
1,70.49038461538463,9.424419852987752,527.2360952435289,64.48319024084974,71.08943965517241,9.350505357192652,540.4743634095622,6.053170323493346,3.2254880433509774,2.912284183369716,0.34155882205269283,JEV vaccines,VIth nerve paralysis,post_2022,False
4,1.5879565700051446,0.6057179613135254,4.163003624251611,0.8887059835335596,1.6087691919522291,0.5930849921977353,4.363857367869021,0.6664202275497405,-0.7474209125214436,1.4899317502397202,0.5504656886683458,JEV vaccines,Abdominal pain,post_2022,False
1,17.08857808857809,2.3915840520227096,122.10296386717096,14.928593727247085,17.227272727272727,2.371034789018022,125.16852430611011,4.074543974285913,1.2468616941435444,2.681671438143388,0.3145120736413814,JEV vaccines,Photosensitivity reaction,post_2022,False
11,1.640611966716172,0.9343982053069527,2.880578761865349,2.914673496544426,1.7070905670357748,0.9171245624153079,3.177494446760749,0.7134155700090052,-0.13916271631543675,1.5953122562897912,0.9079764228490209,JEV vaccines,Pyrexia,post_2022,False
1,2.2114630467571645,0.3135259718226023,15.598608238872277,0.6649262559575904,2.2219066937119676,0.3097516986413943,15.938151032635846,1.1434536838060632,-1.684228596336305,1.5745145023425484,0.18466237663068408,JEV vaccines,Blood pressure increased,post_2022,False
1,1.7622596153846155,0.2499388784732772,12.42527361483528,0.3308040154174209,1.7688308189655173,0.2466850395510814,12.683227453987318,0.8164526181249436,-2.0112296620174246,1.4047094859768354,0.16474728671614045,JEV vaccines,Constipation,post_2022,False
1,0.8986821942997243,0.12755490285593338,6.331624016550293,0.011523099040112153,0.8978087649402391,0.1253039143153287,6.43284435931552,-0.15398758414794228,-2.9816698642903106,0.930151486340876,0.10909012513934967,JEV vaccines,Decreased appetite,post_2022,False
1,0.6773850773850774,0.09616354919570803,4.771564141524703,0.155519758870284,0.6746039142590867,0.09417004249981487,4.832645595700734,-0.561539520621863,-3.389221800764231,0.7591695263058061,0.08903700079271884,JEV vaccines,Erythema,post_2022,False
1,281.9615384615385,31.751353501363447,2503.902996393011,223.98054732949436,284.3836206896552,31.54539065144257,2563.735685196194,7.818705069856322,4.991022789713954,2.9736575481256335,0.3487568195184437,JEV vaccines,Hyperaemia,post_2022,False
1,86.75739644970415,11.441215118246387,657.8711929581124,78.7223443824538,87.49668435013263,11.352987335449816,674.3308651778233,6.333278242686081,3.5055959625437128,2.927388789148215,0.34333032202743263,JEV vaccines,Lip erythema,post_2022,False
2,0.8845852187028659,0.2237543201489599,3.4970989995932573,0.030686433665381832,0.8825780051150895,0.2179725041073812,3.573588046358337,-0.17677944902118486,-2.1762527643508927,0.905562343416392,0.20746002712005213,JEV vaccines,Lymphadenopathy,post_2022,False
1,,,,,,,,10.140633164743685,7.3129508846013165,2.994694238487178,0.35122404686555736,JEV vaccines,Noninfective conjunctivitis,post_2022,False
2,8.232453677709152,2.0729433127712804,32.69423391275569,12.642181074734939,8.358235480799745,2.0550543239683763,33.99428401366913,3.0321087079655156,1.0326353926358078,3.3579698869616954,0.7692949346691897,JEV vaccines,Oedema peripheral,post_2022,False
3,1.6005385343133687,0.5233711029912452,4.894659993990609,0.6860228867802883,1.6163421799531943,0.5132260371033213,5.0904705798663334,0.6777901114572515,-0.9547730141656794,1.4734569760603582,0.45621383477414384,JEV vaccines,Pain,post_2022,False
1,375.948717948718,39.3899888142964,3588.156350935219,280.4720277405122,379.1810344827586,39.15349360302416,3672.169292711843,8.140633164743685,5.3129508846013165,2.978888964070641,0.3493703709973989,JEV vaccines,Strawberry tongue,post_2022,False
1,59.36032388663968,8.011647133666598,439.8156824855234,54.51656704346194,59.863430127041745,7.9480248621092615,450.8831223791845,5.818705069856322,2.991022789713954,2.897334649555775,0.339805509244525,JEV vaccines,Injection site discharge,post_2022,False
1,6.096465696465697,0.8613949581306641,43.147331705818,4.243565446366203,6.140400745573159,0.8531541041506246,44.19426822516774,2.6014743536356533,-0.22620792650671495,2.256419455691661,0.2646376255943088,JEV vaccines,Injection site mass,post_2022,False
3,0.8327685113311498,0.27241892245097465,2.545724016618208,0.10387059838660302,0.8283676826819695,0.26312581872262814,2.607851335315903,-0.2637988343798915,-1.8963619600028223,0.8532614564211611,0.26418802002599023,JEV vaccines,Urticaria,post_2022,False
1,31.329059829059833,4.330993857066561,226.6246552558263,28.575444336274053,31.59051724137931,4.295199504806416,232.3432889348083,4.931179799114735,2.1034975189723664,2.815437743812752,0.33020046767094446,JEV vaccines,Dissociation,post_2022,False
1,2.1942532175995213,0.3110907483893954,15.476986081627809,0.6512665019872886,2.204548503958138,0.3073363987386383,15.813402272722936,1.132204542673104,-1.6954777374692642,1.5686798503474078,0.1839780763574045,JEV vaccines,Gait disturbance,post_2022,False
3,5.629847689747856,1.837182725493085,17.252059128333322,11.41789917599871,5.751685786846484,1.8226589324103966,18.15034552123382,2.4871909261397622,0.8546278005168313,3.381447710589552,1.046968626977484,JEV vaccines,Neck pain,post_2022,False
1,1.2114351813599935,0.1718987534097982,8.537439449244246,0.03712475506525575,1.213257898440683,0.1692842177220473,8.695404379312038,0.2764470200894043,-2.5512352600529637,1.1315444521551392,0.1327099162868008,JEV vaccines,Somnolence,post_2022,False
1,1.914849157633538,0.27154431424510633,13.50294262902597,0.43830064400986296,1.9227357883027927,0.2681135963535956,13.78860662756085,0.9360620204944811,-1.8916202596478873,1.4667666166916542,0.17202547769350518,JEV vaccines,Adverse event following immunisation,post_2022,False
4,4.1849578992436145,1.5945016445590154,10.983916309026613,9.7395820550899,4.29769977178321,1.5826263664479874,11.670615200124354,2.0611483809168694,0.6473072408456853,3.0853598710491275,1.1399077480787139,JEV vaccines,Expired product administered,post_2022,False
1,1127.846153846154,70.96173802971775,17925.67349763689,562.9320446759305,1137.5603448275863,70.72576740951611,18296.634812479173,9.140633164743685,6.3129508846013165,2.989407211244653,0.3506039731765165,JEV vaccines,Molluscum contagiosum,post_2022,False
1,5.126573426573427,0.7249666561732562,36.252363987024346,3.312147656076376,5.162147335423198,0.7178351188303832,37.12240375761472,2.352730605352253,-0.47495167479011524,2.1558689584251503,0.2528448515239488,JEV vaccines,Blood pressure decreased,post_2022,False
2,0.3310379083786774,0.0837641963903856,1.3082689443231839,2.8499648862342304,0.31940378504613265,0.07891052151097976,1.292841258026676,-1.5940764554821534,-3.593549770811861,0.3823785378157391,0.08760110488483808,JEV vaccines,Fatigue,post_2022,False
1,2.6413258872275267,0.37432866648442953,18.637638704137228,1.020848768920088,2.655475248324316,0.3700571430552017,19.055297071812507,1.3991661783425378,-1.4285161017998305,1.7061969538425765,0.20010637185484476,JEV vaccines,Oxygen saturation decreased,post_2022,False
25,371.00202429149795,245.24688860216872,561.2405637963802,6946.985422718076,471.54605263157896,287.15895255901785,774.3296100327034,8.126277871766614,7.560741415738141,43.259060169932376,30.19640502242144,JEV vaccines,Incorrect route of product administration,post_2022,True
1,20.88603988603989,2.913457551036075,149.72816815749357,18.59741020891255,21.057471264367816,2.8887668493157967,153.49701764775494,4.359273451219025,1.5315911710766565,2.7336230984166408,0.3206050737640831,JEV vaccines,Blood glucose decreased,post_2022,False
3,2.639265570622825,0.8625765533762006,8.075483532459321,3.077285386535518,2.682404138270794,0.8512878577629424,8.452243145955864,1.3980430213836004,-0.23452010423933056,2.1363210980555265,0.6614507625860245,JEV vaccines,Hypersensitivity,post_2022,False
4,7.646414602346807,2.908900951711152,20.099569301797317,23.056861685176493,7.881685915704215,2.898152585513069,21.43467986617852,2.9263140439429187,1.5124729038717346,4.385105747202762,1.6201079375811118,JEV vaccines,Incorrect dose administered,post_2022,False
1,7.51897435897436,1.0610731227210086,53.280941907128835,5.6209673432370595,7.575172413793103,1.051212171930632,54.58768327739519,2.9022284254186057,0.07454614527623749,2.366808236116338,0.27758425423206057,JEV vaccines,Feeling of body temperature change,post_2022,False
1,0.7405424516389717,0.10512376095868534,5.216738039794699,0.0919047617470222,0.7383057486358594,0.10305674927909812,5.2892739416079415,-0.4330140227496374,-3.2606963028920055,0.810788412309619,0.09509097244830582,JEV vaccines,Hyperhidrosis,post_2022,False
1,1.8734985944288274,0.26568997954597606,13.210874528745288,0.4084487564981348,1.8810287547256273,0.26230718499707656,13.489028812322006,0.9046189728436,-1.9230633072987682,1.4504332355945047,0.17010986436169598,JEV vaccines,Vaccination site erythema,post_2022,False
1,8.675739644970415,1.2230843200080532,61.53987681472015,6.745854818692113,8.741909814323607,1.2119119543514296,63.058200661668636,3.1072101632062346,0.27952788306386633,2.4348763895802223,0.2855674306161473,JEV vaccines,Vaccination site rash,post_2022,False
1,93.9871794871795,12.319658893010724,717.032020502356,84.92942342200482,94.78879310344827,12.225337491605131,734.9421072570027,6.440193446602593,3.6125111664602247,2.9324585359355226,0.3439249126071111,JEV vaccines,Aphthous ulcer,post_2022,False
1,1.4820580208228042,0.21024963484293446,10.447085811711801,0.15749834769553617,1.486213693416104,0.20732085002884806,10.654167886105936,0.5669859772503626,-2.2606963028920055,1.276567982138197,0.14971858129064744,JEV vaccines,Oropharyngeal pain,post_2022,False
2,0.32210371379298985,0.08150398315293084,1.2729537677264486,3.0123416671991996,0.3103142131633027,0.07666530697525316,1.2560428528935879,-1.633536170574496,-3.6330094859042035,0.3728309748227941,0.08541380359978894,JEV vaccines,Nausea,post_2022,False
1,0.5504373615647408,0.07815033820666105,3.8769031069980575,0.37278151805660714,0.54656182157823,0.07630462799993529,3.9149633860631146,-0.8607750296491237,-3.6884573097914917,0.6476645825671202,0.07595946617095341,JEV vaccines,Injection site pain,post_2022,False
7,4.73033138221874,2.3027578384211687,9.717059524133482,20.769688465322652,4.967716106541751,2.310393829870633,10.681383838605619,2.237181653101937,1.1684182102503968,3.778905083174538,1.8292278611278388,JEV vaccines,Product administered to patient of inappropriate age,post_2022,False
5,9.184414933600602,3.8817271154083515,21.730913885653678,36.342241898482065,9.5497906002792,3.8850165815429576,23.474417314574477,3.1887656604167827,1.9241877009827948,5.2463518476388575,2.181916277391324,JEV vaccines,Overdose,post_2022,True
1,0.4086399108138239,0.05802530958716007,2.877823106813394,0.8737375282711158,0.40354197901049477,0.05634476313762291,2.8901732788538395,-1.2903420078443844,-4.118024287986753,0.5091891141670811,0.05971877161923363,JEV vaccines,Chills,post_2022,False
1,93.9871794871795,12.319658893010724,717.032020502356,84.92942342200482,94.78879310344827,12.225337491605131,734.9421072570027,6.440193446602593,3.6125111664602247,2.9324585359355226,0.3439249126071111,JEV vaccines,Oral disorder,post_2022,False
2,2.207135330423002,0.5578340226757585,8.732788192865364,1.3281409713218317,2.2281289883434017,0.5498438331420918,9.029034226547811,1.1406331647436847,-0.858840150586023,1.776677401389864,0.4070283449346585,JEV vaccines,Peripheral swelling,post_2022,False
1,2.660014513788099,0.3769710776876417,18.76981453581498,1.0368512283735094,2.674324983734548,0.37267795312105806,19.190869915247124,1.4093141337186206,-1.4183681464237476,1.7113702623906706,0.20071310837592066,JEV vaccines,Shoulder injury related to vaccine administration,post_2022,False
1,9.477698771816419,1.3352115552876376,67.27531203093842,7.526854912452275,9.550782381918285,1.3231331765151,68.94048590559221,3.2337425691351664,0.4060602889927982,2.4740095532452937,0.2901570504619589,JEV vaccines,Electric shock sensation,post_2022,False
1,0.5656199367332768,0.08030487559953452,3.983891518935503,0.3385379847756886,0.5618752810154601,0.07844148585961974,4.024704886151588,-0.8215398663660235,-3.6492221465083916,0.6615823878578405,0.07759177568518384,JEV vaccines,Syncope,post_2022,False
1,5.555892383478591,0.7853845532132954,39.30296317963396,3.7233192795680177,5.595167317818923,0.7777615096528743,40.2512813064782,2.468207822772189,-0.35947445737017913,2.2035637419290253,0.25843859617451115,JEV vaccines,Product administered at inappropriate site,post_2022,False
1,16.345596432552956,2.2890748487241925,116.7189980200075,14.2084944470415,16.477886056971514,2.2693424457960494,119.64731431764639,4.011350147798718,1.1836678676563501,2.668990603213095,0.31302483861597813,JEV vaccines,Coordination abnormal,post_2022,False
1,0.7843158232587998,0.11133336185688911,5.5253097575986345,0.05992408767172071,0.7824564769075824,0.10921541470816613,5.605785043169812,-0.35021771199661306,-3.1778999921389812,0.8451880435408627,0.09912543364185449,JEV vaccines,Hypoaesthesia,post_2022,False
1,40.28021978021979,5.5257684840784576,293.6236127549953,36.99230469305426,40.61884236453202,5.480781461406525,301.03195441244486,5.282652169616113,2.4549698894737446,2.8533929613066302,0.3346519355091424,JEV vaccines,Vestibular neuronitis,post_2022,False
1,563.923076923077,51.48408795833745,6176.845104913457,374.6250761811259,568.7758620689655,51.218066990552174,6316.247376769795,8.555670664022529,5.72798838388016,2.984138819223209,0.3499860850654483,JEV vaccines,Mucosal ulceration,post_2022,False
2,6.031262854792268,1.520746895222,23.919911812995526,8.37331931531465,6.118763078353871,1.5064435046645892,24.852748538593502,2.5860443130660475,0.5865709977363398,3.0008997587010757,0.6874918660773165,JEV vaccines,Wrong technique in product usage process,post_2022,False
5,40.28021978021978,16.817515696880786,96.47656257836826,185.12415165235507,42.03380102040816,16.901152257501845,104.53964329201432,5.282652169616113,4.0180742101821245,8.751694226077527,3.6397604737898424,JEV vaccines,Product prescribing issue,post_2022,True
1,1.0971266087997606,0.15569425684289764,7.731093106093414,0.00865753573463828,1.0979639071514826,0.1532125477718448,7.868316002437,0.13360589784971613,-2.694076382292652,1.0626614207439233,0.12463116930098622,JEV vaccines,Flushing,post_2022,False
1,2.4897266089319072,0.35289064760100575,17.565607446282204,0.8924816010526274,2.5025690796985613,0.3487944022750972,17.95571247076304,1.3140846774527697,-1.5135976026895985,1.6626383171569923,0.194997723213511,JEV vaccines,Hot flush,post_2022,False
2,0.7044635564310768,0.17821273869524998,2.7846993765589234,0.25397314170477253,0.6993237921950954,0.17273268649077386,2.831275170123928,-0.5050252676650253,-2.5044985829947333,0.7488849651455924,0.17156598472587456,JEV vaccines,Pruritus,post_2022,False
1,34.17715617715618,4.713160200660966,247.83329117349237,31.26721707638622,34.46316614420063,4.674408861255997,254.0877051913774,5.053170323493346,2.2254880433509774,2.829552027765281,0.3318558206163994,JEV vaccines,Seasonal allergy,post_2022,False
1,2.523145758045087,0.35761701702928056,17.801905986536614,0.920546510925518,2.5362763249247857,0.3534821245926483,18.198084567322887,1.3332782426860805,-1.4944040374562877,1.6724917372639896,0.1961533530741389,JEV vaccines,Sleep disorder,post_2022,False
1,1.4515394515394515,0.20592565060607065,10.2316868888083,0.1411139005253364,1.45543203301824,0.2030322890675404,10.433229179773187,0.537006819757493,-2.2906754603848754,1.2613528923015214,0.14793412351289456,JEV vaccines,Muscle spasms,post_2022,False
1,12.963748894783379,1.8208039911575813,92.29921848982409,10.922700114299165,13.066884661117717,1.804817150049064,94.60430644861268,3.6812015461063874,0.8535192659640192,2.5953545952956434,0.30438865253614095,JEV vaccines,Contraindicated product administered,post_2022,False
1,281.9615384615385,31.751353501363447,2503.902996393011,223.98054732949436,284.3836206896552,31.54539065144257,2563.735685196194,7.818705069856322,4.991022789713954,2.9736575481256335,0.3487568195184437,JEV vaccines,Skin oedema,post_2022,False
1,26.853479853479854,3.7266218819555217,193.50215908216876,24.319782900106322,27.076354679802957,3.695535543228185,198.38233841097687,4.714368410041587,1.8866861298992186,2.787627429873995,0.32693881548601017,JEV vaccines,Tongue discomfort,post_2022,False
1,1.2088383213785145,0.17153065584113714,8.51911910478904,0.03629686065933823,1.2106386517352257,0.1689191371077353,8.676612787457634,0.27335442503402263,-2.5543278551083457,1.1300341384532457,0.1325327835152483,JEV vaccines,Seizure,post_2022,False
