quarter,n_reports,product
1988Q1,1,JEV vaccines
1988Q2,1,JEV vaccines
1988Q3,2,JEV vaccines
1988Q4,0,JEV vaccines
1989Q1,1,JEV vaccines
1989Q2,3,JEV vaccines
1989Q3,2,JEV vaccines
1989Q4,0,JEV vaccines
1990Q1,2,JEV vaccines
1990Q2,2,JEV vaccines
1990Q3,3,JEV vaccines
1990Q4,3,JEV vaccines
1991Q1,1,JEV vaccines
1991Q2,2,JEV vaccines
1991Q3,2,JEV vaccines
1991Q4,0,JEV vaccines
1992Q1,1,JEV vaccines
1992Q2,1,JEV vaccines
1992Q3,0,JEV vaccines
1992Q4,1,JEV vaccines
1993Q1,0,JEV vaccines
1993Q2,0,JEV vaccines
1993Q3,1,JEV vaccines
1993Q4,2,JEV vaccines
1994Q1,0,JEV vaccines
1994Q2,1,JEV vaccines
1994Q3,0,JEV vaccines
1994Q4,2,JEV vaccines
1995Q1,3,JEV vaccines
1995Q2,0,JEV vaccines
1995Q3,0,JEV vaccines
1995Q4,0,JEV vaccines
1996Q1,2,JEV vaccines
1996Q2,2,JEV vaccines
1996Q3,0,JEV vaccines
1996Q4,5,JEV vaccines
1997Q1,1,JEV vaccines
1997Q2,1,JEV vaccines
1997Q3,3,JEV vaccines
1997Q4,0,JEV vaccines
1998Q1,1,JEV vaccines
1998Q2,5,JEV vaccines
1998Q3,1,JEV vaccines
1998Q4,0,JEV vaccines
1999Q1,0,JEV vaccines
1999Q2,7,JEV vaccines
1999Q3,16,JEV vaccines
1999Q4,3,JEV vaccines
2000Q1,4,JEV vaccines
2000Q2,3,JEV vaccines
2000Q3,5,JEV vaccines
2000Q4,1,JEV vaccines
2001Q1,1,JEV vaccines
2001Q2,2,JEV vaccines
2001Q3,3,JEV vaccines
2001Q4,3,JEV vaccines
2002Q1,1,JEV vaccines
2002Q2,3,JEV vaccines
2002Q3,3,JEV vaccines
2002Q4,1,JEV vaccines
2003Q1,5,JEV vaccines
2003Q2,2,JEV vaccines
2003Q3,0,JEV vaccines
2003Q4,1,JEV vaccines
2004Q1,1,JEV vaccines
2004Q2,1,JEV vaccines
2004Q3,1,JEV vaccines
2004Q4,2,JEV vaccines
2005Q1,0,JEV vaccines
2005Q2,1,JEV vaccines
2005Q3,1,JEV vaccines
2005Q4,1,JEV vaccines
2006Q1,4,JEV vaccines
2006Q2,0,JEV vaccines
2006Q3,0,JEV vaccines
2006Q4,1,JEV vaccines
2007Q1,0,JEV vaccines
2007Q2,0,JEV vaccines
2007Q3,0,JEV vaccines
2007Q4,0,JEV vaccines
2008Q1,1,JEV vaccines
2008Q2,0,JEV vaccines
2008Q3,0,JEV vaccines
2008Q4,1,JEV vaccines
2009Q1,0,JEV vaccines
2009Q2,1,JEV vaccines
2009Q3,0,JEV vaccines
2009Q4,2,JEV vaccines
2010Q1,1,JEV vaccines
2010Q2,1,JEV vaccines
2010Q3,0,JEV vaccines
2010Q4,0,JEV vaccines
2011Q1,1,JEV vaccines
2011Q2,1,JEV vaccines
2011Q3,1,JEV vaccines
2011Q4,0,JEV vaccines
2012Q1,1,JEV vaccines
2012Q2,1,JEV vaccines
2012Q3,2,JEV vaccines
2012Q4,1,JEV vaccines
2013Q1,1,JEV vaccines
2013Q2,1,JEV vaccines
2013Q3,7,JEV vaccines
2013Q4,5,JEV vaccines
2014Q1,2,JEV vaccines
2014Q2,1,JEV vaccines
2014Q3,0,JEV vaccines
2014Q4,2,JEV vaccines
2015Q1,0,JEV vaccines
2015Q2,1,JEV vaccines
2015Q3,2,JEV vaccines
2015Q4,0,JEV vaccines
2016Q1,1,JEV vaccines
2016Q2,0,JEV vaccines
2016Q3,0,JEV vaccines
2016Q4,0,JEV vaccines
2017Q1,0,JEV vaccines
2017Q2,1,JEV vaccines
2017Q3,1,JEV vaccines
2017Q4,0,JEV vaccines
2018Q1,1,JEV vaccines
2018Q2,1,JEV vaccines
2018Q3,0,JEV vaccines
2018Q4,3,JEV vaccines
2019Q1,0,JEV vaccines
2019Q2,1,JEV vaccines
2019Q3,0,JEV vaccines
2019Q4,1,JEV vaccines
2020Q1,1,JEV vaccines
2020Q2,0,JEV vaccines
2020Q3,0,JEV vaccines
2020Q4,0,JEV vaccines
2021Q1,0,JEV vaccines
2021Q2,0,JEV vaccines
2021Q3,0,JEV vaccines
2021Q4,0,JEV vaccines
2022Q1,0,JEV vaccines
2022Q2,2,JEV vaccines
2022Q3,5,JEV vaccines
2022Q4,14,JEV vaccines
2023Q1,7,JEV vaccines
2023Q2,6,JEV vaccines
2023Q3,3,JEV vaccines
2023Q4,8,JEV vaccines
2024Q1,4,JEV vaccines
2024Q2,6,JEV vaccines
2024Q3,4,JEV vaccines
2024Q4,1,JEV vaccines
2025Q1,15,JEV vaccines
2025Q2,12,JEV vaccines
2025Q3,10,JEV vaccines
2025Q4,8,JEV vaccines
2026Q1,6,JEV vaccines
2026Q2,6,JEV vaccines
