product_set,product_id,canonical_name,active_ingredient,atc_code,manufacturer,species_genus,search_terms,indication_context,indication_expected_pts,notes
A,A01,Brown snake antivenom,Brown snake antivenom,J06AA,CSL Behring/Seqirus,Pseudonaja,"brown snake antivenom;pseudonaja antivenom;CSL brown snake;brown snake antivenene",Pseudonaja spp. envenomation,"Coagulopathy;Disseminated intravascular coagulation;Venom poisoning",Most common Australian antivenom by volume
A,A02,Tiger snake antivenom,Tiger snake antivenom,J06AA,CSL Behring/Seqirus,Notechis,"tiger snake antivenom;notechis antivenom;CSL tiger snake;tiger snake antivenene",Notechis spp. envenomation,"Neurotoxicity;Myalgia;Rhabdomyolysis;Coagulopathy",Also covers rough-scaled snake (Tropidechis)
A,A03,Black snake antivenom,Black snake antivenom,J06AA,CSL Behring/Seqirus,Pseudechis,"black snake antivenom;pseudechis antivenom;CSL black snake;black snake antivenene;mulga snake antivenom;king brown antivenom",Pseudechis spp. envenomation,"Myalgia;Rhabdomyolysis;Haemolysis",Covers mulga/king brown (P. australis) and red-bellied black (P. porphyriacus)
A,A04,Taipan antivenom,Taipan antivenom,J06AA,CSL Behring/Seqirus,Oxyuranus,"taipan antivenom;oxyuranus antivenom;CSL taipan;taipan antivenene",Oxyuranus spp. envenomation,"Neurotoxicity;Coagulopathy;Renal failure",Coastal and inland taipan
A,A05,Death adder antivenom,Death adder antivenom,J06AA,CSL Behring/Seqirus,Acanthophis,"death adder antivenom;acanthophis antivenom;CSL death adder;death adder antivenene",Acanthophis spp. envenomation,"Neurotoxicity;Respiratory paralysis",Rare envenomation; likely very low DAEN count
A,A06,Polyvalent snake antivenom,Polyvalent snake antivenom,J06AA,CSL Behring/Seqirus,Multiple,"polyvalent snake antivenom;CSL polyvalent;polyvalent antivenene;polyvalent antivenom",Unidentified snake envenomation,"Coagulopathy;Disseminated intravascular coagulation;Neurotoxicity;Myalgia;Rhabdomyolysis;Haemolysis;Renal failure;Respiratory paralysis;Venom poisoning",Contains antibodies against all 5 terrestrial species; analysed as distinct product (not double-counted to monovalent)
A,A07,Stonefish antivenom,Stonefish antivenom,J06AA,CSL Behring/Seqirus,Synanceia,"stonefish antivenom;synanceia antivenom;CSL stonefish;stonefish antivenene",Synanceia spp. envenomation,"Pain;Oedema;Nausea",Marine antivenom
A,A08,Box jellyfish antivenom,Box jellyfish antivenom,J06AA,CSL Behring/Seqirus,Chironex,"box jellyfish antivenom;chironex antivenom;CSL box jellyfish;box jellyfish antivenene;irukandji",Chironex fleckeri envenomation,"Cardiac arrest;Pain;Hypertension",Marine antivenom; very rare use
B,B01,JEV vaccines,Inactivated JEV antigen (Vero cell),J07BA03,Multiple,"","japanese encephalitis vaccine;JEV vaccine;JE vaccine;jev;imojev;jespect",Japanese encephalitis prophylaxis,,Includes IMOJEV (live attenuated) and JEspect (inactivated); 2022 Murray Valley rollout anchor
B,B02,Doxycycline,Doxycycline,J01AA02,Multiple,"","doxycycline;doryx;doxsig;doxy;doxylin;vibramycin",Rickettsial disease / malaria prophylaxis,,Broad-indication drug — most DAEN reports will be non-tropical (acne/rosacea/respiratory). See COVID-era note in pre-registration.
B,B03,Primaquine,Primaquine,P01BA03,Multiple,"","primaquine;primaquine phosphate",Plasmodium vivax radical cure,,G6PD-deficiency haemolysis risk; H5 hypothesis target
B,B04,Tafenoquine,Tafenoquine,P01BA06,GSK/Medicines Development for Global Health,"","tafenoquine;kozenis;arakoda;krintafel",P. vivax radical cure/prophylaxis,,TGA approved 2018; may have low DAEN volume. G6PD-deficiency haemolysis risk; H5 hypothesis target
B,B05,Artemether-lumefantrine,Artemether + lumefantrine,P01BF01,Novartis/Multiple,"","artemether-lumefantrine;artemether lumefantrine;riamet;coartem",Malaria treatment,,Fixed-dose combination; search both combined and individual ingredient names
B,B06,Ivermectin,Ivermectin,P02CF01,Multiple,"","ivermectin;stromectol;iver;mectizan",Strongyloidiasis,,COVID-era confounding: pre-specified temporal stratification (pre-March 2020 / March 2020-Dec 2022 / 2023+). See pre-registration Section 9.1.
B,B07,Praziquantel,Praziquantel,P02BA01,Multiple,"","praziquantel;biltricide;cesol",Schistosomiasis / cestode infections,,Negative validation control: Praziquantel × Myocardial infarction
